filename,width,height,class,xmin,ymin,xmax,ymax
H:\My Drive\models\images\IMG-10.jpg,600,600,choke_points,182,276,237,348
H:\My Drive\models\images\IMG-10010.jpg,600,600,choke_points,558,165,595,198
H:\My Drive\models\images\IMG-10109.jpg,600,600,choke_points,161,150,366,334
H:\My Drive\models\images\IMG-10109.jpg,600,600,choke_points,435,445,534,551
H:\My Drive\models\images\IMG-10265.jpg,600,600,choke_points,139,194,217,274
H:\My Drive\models\images\IMG-10268.jpg,600,600,choke_points,258,353,340,433
H:\My Drive\models\images\IMG-10400.jpg,600,600,choke_points,18,298,185,466
H:\My Drive\models\images\IMG-10400.jpg,600,600,choke_points,248,498,443,580
H:\My Drive\models\images\IMG-10401.jpg,600,600,choke_points,270,561,318,593
H:\My Drive\models\images\IMG-10401.jpg,600,600,choke_points,354,555,435,584
H:\My Drive\models\images\IMG-10443.jpg,600,600,choke_points,323,157,430,233
H:\My Drive\models\images\IMG-10515.jpg,600,600,choke_points,246,33,306,103
H:\My Drive\models\images\IMG-10532.jpg,600,600,choke_points,152,334,235,442
H:\My Drive\models\images\IMG-10532.jpg,600,600,choke_points,209,234,310,293
H:\My Drive\models\images\IMG-10532.jpg,600,600,choke_points,92,550,168,600
H:\My Drive\models\images\IMG-10562.jpg,600,600,choke_points,264,188,383,252
H:\My Drive\models\images\IMG-10562.jpg,600,600,choke_points,1,335,132,408
H:\My Drive\models\images\IMG-10572.jpg,600,600,choke_points,163,3,259,422
H:\My Drive\models\images\IMG-10586.jpg,600,600,choke_points,345,155,470,191
H:\My Drive\models\images\IMG-10628.jpg,600,600,choke_points,106,233,157,310
H:\My Drive\models\images\IMG-10628.jpg,600,600,choke_points,80,382,196,600
H:\My Drive\models\images\IMG-10683.jpg,600,600,choke_points,276,271,354,341
H:\My Drive\models\images\IMG-10683.jpg,600,600,choke_points,367,453,433,519
H:\My Drive\models\images\IMG-10686.jpg,600,600,choke_points,386,195,600,261
H:\My Drive\models\images\IMG-10687.jpg,600,600,choke_points,1,188,159,248
H:\My Drive\models\images\IMG-10688.jpg,600,600,choke_points,138,484,313,584
H:\My Drive\models\images\IMG-1070.jpg,600,600,choke_points,328,348,393,417
H:\My Drive\models\images\IMG-10711.jpg,600,600,choke_points,254,22,371,133
H:\My Drive\models\images\IMG-10728.jpg,600,600,choke_points,302,349,375,402
H:\My Drive\models\images\IMG-10728.jpg,600,600,choke_points,446,223,541,260
H:\My Drive\models\images\IMG-10749.jpg,600,600,choke_points,1,59,83,119
H:\My Drive\models\images\IMG-10754.jpg,600,600,choke_points,325,127,385,231
H:\My Drive\models\images\IMG-11270.jpg,600,600,choke_points,333,233,441,299
H:\My Drive\models\images\IMG-11312.jpg,600,600,choke_points,172,267,338,350
H:\My Drive\models\images\IMG-11321.jpg,600,600,choke_points,331,424,409,498
H:\My Drive\models\images\IMG-11329.jpg,600,600,choke_points,148,240,251,308
H:\My Drive\models\images\IMG-11346.jpg,600,600,choke_points,3,271,130,379
H:\My Drive\models\images\IMG-11346.jpg,600,600,choke_points,156,333,277,381
H:\My Drive\models\images\IMG-11360.jpg,600,600,choke_points,151,519,242,600
H:\My Drive\models\images\IMG-11365.jpg,600,600,choke_points,3,91,126,229
H:\My Drive\models\images\IMG-11365.jpg,600,600,choke_points,31,283,74,336
H:\My Drive\models\images\IMG-11380.jpg,600,600,choke_points,1,192,267,236
H:\My Drive\models\images\IMG-11383.jpg,600,600,choke_points,399,198,566,320
H:\My Drive\models\images\IMG-11455.jpg,600,600,choke_points,1,169,206,270
H:\My Drive\models\images\IMG-11475.jpg,600,600,choke_points,13,65,161,107
H:\My Drive\models\images\IMG-11475.jpg,600,600,choke_points,312,1,600,60
H:\My Drive\models\images\IMG-1185.jpg,600,600,choke_points,438,43,557,172
H:\My Drive\models\images\IMG-1185.jpg,600,600,choke_points,445,191,522,267
H:\My Drive\models\images\IMG-12.jpg,600,600,choke_points,115,422,198,496
H:\My Drive\models\images\IMG-12039.jpg,600,600,choke_points,211,115,319,257
H:\My Drive\models\images\IMG-12039.jpg,600,600,choke_points,272,392,410,587
H:\My Drive\models\images\IMG-12062.jpg,600,600,choke_points,340,490,525,563
H:\My Drive\models\images\IMG-12066.jpg,600,600,choke_points,53,187,268,228
H:\My Drive\models\images\IMG-12066.jpg,600,600,choke_points,335,11,400,145
H:\My Drive\models\images\IMG-1210.jpg,600,600,choke_points,39,422,84,473
H:\My Drive\models\images\IMG-1210.jpg,600,600,choke_points,407,383,452,427
H:\My Drive\models\images\IMG-1210.jpg,600,600,choke_points,482,423,526,456
H:\My Drive\models\images\IMG-1211.jpg,600,600,choke_points,337,448,465,523
H:\My Drive\models\images\IMG-12121.jpg,600,600,choke_points,103,325,196,406
H:\My Drive\models\images\IMG-12121.jpg,600,600,choke_points,35,521,112,600
H:\My Drive\models\images\IMG-12221.jpg,600,600,choke_points,385,119,471,159
H:\My Drive\models\images\IMG-12222.jpg,600,600,choke_points,212,285,298,541
H:\My Drive\models\images\IMG-12277.jpg,600,600,choke_points,232,201,362,238
H:\My Drive\models\images\IMG-12277.jpg,600,600,choke_points,438,174,483,196
H:\My Drive\models\images\IMG-12277.jpg,600,600,choke_points,80,194,218,255
H:\My Drive\models\images\IMG-12278.jpg,600,600,choke_points,68,128,148,181
H:\My Drive\models\images\IMG-12314.jpg,600,600,choke_points,153,306,241,411
H:\My Drive\models\images\IMG-12314.jpg,600,600,choke_points,472,25,588,127
H:\My Drive\models\images\IMG-12341.jpg,600,600,choke_points,127,173,202,215
H:\My Drive\models\images\IMG-12342.jpg,600,600,choke_points,222,22,316,104
H:\My Drive\models\images\IMG-1240.jpg,600,600,choke_points,434,196,515,321
H:\My Drive\models\images\IMG-1240.jpg,600,600,choke_points,16,402,180,561
H:\My Drive\models\images\IMG-12426.jpg,600,600,choke_points,462,518,530,597
H:\My Drive\models\images\IMG-12580.jpg,600,600,choke_points,22,88,87,149
H:\My Drive\models\images\IMG-12606.jpg,600,600,choke_points,218,303,335,489
H:\My Drive\models\images\IMG-1267.jpg,600,600,choke_points,86,343,203,431
H:\My Drive\models\images\IMG-1269.jpg,600,600,choke_points,30,292,139,385
H:\My Drive\models\images\IMG-12699.jpg,600,600,choke_points,9,236,91,317
H:\My Drive\models\images\IMG-12699.jpg,600,600,choke_points,36,38,205,143
H:\My Drive\models\images\IMG-128.jpg,600,600,choke_points,373,248,459,297
H:\My Drive\models\images\IMG-1285.jpg,600,600,choke_points,89,109,186,221
H:\My Drive\models\images\IMG-1285.jpg,600,600,choke_points,99,421,197,487
H:\My Drive\models\images\IMG-1286.jpg,600,600,choke_points,115,318,265,475
H:\My Drive\models\images\IMG-1287.jpg,600,600,choke_points,197,375,250,426
H:\My Drive\models\images\IMG-1287.jpg,600,600,choke_points,76,401,128,464
H:\My Drive\models\images\IMG-1288.jpg,600,600,choke_points,378,287,430,319
H:\My Drive\models\images\IMG-1288.jpg,600,600,choke_points,312,313,345,333
H:\My Drive\models\images\IMG-1289.jpg,600,600,choke_points,155,179,281,268
H:\My Drive\models\images\IMG-1289.jpg,600,600,choke_points,368,306,448,355
H:\My Drive\models\images\IMG-1290.jpg,600,600,choke_points,296,222,378,254
H:\My Drive\models\images\IMG-1290.jpg,600,600,choke_points,188,247,257,272
H:\My Drive\models\images\IMG-1290.jpg,600,600,choke_points,55,262,123,297
H:\My Drive\models\images\IMG-1291.jpg,600,600,choke_points,441,291,505,338
H:\My Drive\models\images\IMG-1292.jpg,600,600,choke_points,226,150,306,192
H:\My Drive\models\images\IMG-1292.jpg,600,600,choke_points,326,112,391,154
H:\My Drive\models\images\IMG-13070.jpg,600,600,choke_points,230,341,398,538
H:\My Drive\models\images\IMG-13096.jpg,600,600,choke_points,134,320,228,404
H:\My Drive\models\images\IMG-13096.jpg,600,600,choke_points,393,238,529,303
H:\My Drive\models\images\IMG-13096.jpg,600,600,choke_points,541,14,569,128
H:\My Drive\models\images\IMG-13098.jpg,600,600,choke_points,382,7,516,194
H:\My Drive\models\images\IMG-13099.jpg,600,600,choke_points,51,246,203,288
H:\My Drive\models\images\IMG-13099.jpg,600,600,choke_points,125,61,253,218
H:\My Drive\models\images\IMG-13121.jpg,600,600,choke_points,360,64,485,121
H:\My Drive\models\images\IMG-13122.jpg,600,600,choke_points,333,338,375,406
H:\My Drive\models\images\IMG-13123.jpg,600,600,choke_points,513,257,562,336
H:\My Drive\models\images\IMG-13123.jpg,600,600,choke_points,509,380,553,426
H:\My Drive\models\images\IMG-13130.jpg,600,600,choke_points,460,401,566,484
H:\My Drive\models\images\IMG-13130.jpg,600,600,choke_points,292,238,429,361
H:\My Drive\models\images\IMG-13153.jpg,600,600,choke_points,373,94,463,148
H:\My Drive\models\images\IMG-13153.jpg,600,600,choke_points,533,73,600,112
H:\My Drive\models\images\IMG-13153.jpg,600,600,choke_points,523,254,600,291
H:\My Drive\models\images\IMG-13154.jpg,600,600,choke_points,1,188,122,276
H:\My Drive\models\images\IMG-13177.jpg,600,600,choke_points,241,244,315,318
H:\My Drive\models\images\IMG-13217.jpg,600,600,choke_points,163,90,298,149
H:\My Drive\models\images\IMG-13218.jpg,600,600,choke_points,56,239,285,377
H:\My Drive\models\images\IMG-13218.jpg,600,600,choke_points,342,419,496,516
H:\My Drive\models\images\IMG-1323.jpg,600,600,choke_points,92,294,130,333
H:\My Drive\models\images\IMG-1323.jpg,600,600,choke_points,59,518,98,564
H:\My Drive\models\images\IMG-13241.jpg,600,600,choke_points,30,224,141,449
H:\My Drive\models\images\IMG-13241.jpg,600,600,choke_points,215,560,258,600
H:\My Drive\models\images\IMG-13257.jpg,600,600,choke_points,230,205,320,290
H:\My Drive\models\images\IMG-13298.jpg,600,600,choke_points,440,233,572,358
H:\My Drive\models\images\IMG-13298.jpg,600,600,choke_points,306,69,416,213
H:\My Drive\models\images\IMG-13299.jpg,600,600,choke_points,90,503,164,591
H:\My Drive\models\images\IMG-13302.jpg,600,600,choke_points,1,299,72,453
H:\My Drive\models\images\IMG-13327.jpg,600,600,choke_points,227,78,451,281
H:\My Drive\models\images\IMG-13334.jpg,600,600,choke_points,480,164,533,220
H:\My Drive\models\images\IMG-13334.jpg,600,600,choke_points,440,278,493,408
H:\My Drive\models\images\IMG-13334.jpg,600,600,choke_points,205,444,450,523
H:\My Drive\models\images\IMG-13334.jpg,600,600,choke_points,1,387,173,486
H:\My Drive\models\images\IMG-13356.jpg,600,600,choke_points,529,211,559,252
H:\My Drive\models\images\IMG-13356.jpg,600,600,choke_points,128,25,324,81
H:\My Drive\models\images\IMG-13381.jpg,600,600,choke_points,58,386,134,488
H:\My Drive\models\images\IMG-13381.jpg,600,600,choke_points,101,1,176,44
H:\My Drive\models\images\IMG-1341.jpg,600,600,choke_points,333,317,376,360
H:\My Drive\models\images\IMG-13414.jpg,600,600,choke_points,389,68,493,192
H:\My Drive\models\images\IMG-13414.jpg,600,600,choke_points,479,216,531,336
H:\My Drive\models\images\IMG-13414.jpg,600,600,choke_points,531,359,600,449
H:\My Drive\models\images\IMG-13499.jpg,600,600,choke_points,248,309,330,367
H:\My Drive\models\images\IMG-13499.jpg,600,600,choke_points,381,551,447,600
H:\My Drive\models\images\IMG-13509.jpg,600,600,choke_points,140,336,256,410
H:\My Drive\models\images\IMG-1351.jpg,600,600,choke_points,52,359,109,401
H:\My Drive\models\images\IMG-13519.jpg,600,600,choke_points,271,434,324,479
H:\My Drive\models\images\IMG-13544.jpg,600,600,choke_points,270,486,376,546
H:\My Drive\models\images\IMG-13550.jpg,600,600,choke_points,178,200,421,331
H:\My Drive\models\images\IMG-13551.jpg,600,600,choke_points,195,335,436,423
H:\My Drive\models\images\IMG-13553.jpg,600,600,choke_points,238,179,491,349
H:\My Drive\models\images\IMG-13555.jpg,600,600,choke_points,272,406,337,487
H:\My Drive\models\images\IMG-13586.jpg,600,600,choke_points,291,359,595,458
H:\My Drive\models\images\IMG-13610.jpg,600,600,choke_points,22,68,160,110
H:\My Drive\models\images\IMG-1371.jpg,600,600,choke_points,207,469,266,503
H:\My Drive\models\images\IMG-1371.jpg,600,600,choke_points,243,355,297,429
H:\My Drive\models\images\IMG-13711.jpg,600,600,choke_points,303,8,463,127
H:\My Drive\models\images\IMG-13712.jpg,600,600,choke_points,340,365,440,483
H:\My Drive\models\images\IMG-138.jpg,600,600,choke_points,388,367,427,400
H:\My Drive\models\images\IMG-138.jpg,600,600,choke_points,234,462,296,505
H:\My Drive\models\images\IMG-14001.jpg,600,600,choke_points,308,330,398,398
H:\My Drive\models\images\IMG-14001.jpg,600,600,choke_points,522,456,600,534
H:\My Drive\models\images\IMG-14004.jpg,600,600,choke_points,161,391,268,471
H:\My Drive\models\images\IMG-14025.jpg,600,600,choke_points,296,339,404,464
H:\My Drive\models\images\IMG-1405.jpg,600,600,choke_points,368,65,431,142
H:\My Drive\models\images\IMG-1405.jpg,600,600,choke_points,333,172,377,203
H:\My Drive\models\images\IMG-1405.jpg,600,600,choke_points,439,4,506,64
H:\My Drive\models\images\IMG-14050.jpg,600,600,choke_points,221,187,311,333
H:\My Drive\models\images\IMG-14059.jpg,600,600,choke_points,223,288,268,410
H:\My Drive\models\images\IMG-14076.jpg,600,600,choke_points,19,214,100,341
H:\My Drive\models\images\IMG-14079.jpg,600,600,choke_points,87,336,201,393
H:\My Drive\models\images\IMG-1408.jpg,600,600,choke_points,189,343,280,400
H:\My Drive\models\images\IMG-1408.jpg,600,600,choke_points,396,362,534,431
H:\My Drive\models\images\IMG-14158.jpg,600,600,choke_points,236,130,405,294
H:\My Drive\models\images\IMG-14171.jpg,600,600,choke_points,410,316,473,386
H:\My Drive\models\images\IMG-14173.jpg,600,600,choke_points,123,66,256,153
H:\My Drive\models\images\IMG-14173.jpg,600,600,choke_points,172,194,278,252
H:\My Drive\models\images\IMG-14187.jpg,600,600,choke_points,1,89,211,137
H:\My Drive\models\images\IMG-14187.jpg,600,600,choke_points,459,126,541,161
H:\My Drive\models\images\IMG-14187.jpg,600,600,choke_points,350,105,416,144
H:\My Drive\models\images\IMG-14190.jpg,600,600,choke_points,343,253,506,320
H:\My Drive\models\images\IMG-14198.jpg,600,600,choke_points,43,389,155,439
H:\My Drive\models\images\IMG-14202.jpg,600,600,choke_points,236,204,533,504
H:\My Drive\models\images\IMG-14215.jpg,600,600,choke_points,410,440,578,478
H:\My Drive\models\images\IMG-14215.jpg,600,600,choke_points,148,414,383,469
H:\My Drive\models\images\IMG-14228.jpg,600,600,choke_points,220,392,417,534
H:\My Drive\models\images\IMG-14228.jpg,600,600,choke_points,547,83,600,175
H:\My Drive\models\images\IMG-14228.jpg,600,600,choke_points,440,196,480,257
H:\My Drive\models\images\IMG-14242.jpg,600,600,choke_points,346,396,479,523
H:\My Drive\models\images\IMG-14244.jpg,600,600,choke_points,321,80,393,140
H:\My Drive\models\images\IMG-14244.jpg,600,600,choke_points,134,491,274,598
H:\My Drive\models\images\IMG-14299.jpg,600,600,choke_points,65,62,110,98
H:\My Drive\models\images\IMG-14312.jpg,600,600,choke_points,290,342,383,386
H:\My Drive\models\images\IMG-14312.jpg,600,600,choke_points,285,196,350,265
H:\My Drive\models\images\IMG-14313.jpg,600,600,choke_points,59,34,170,96
H:\My Drive\models\images\IMG-14314.jpg,600,600,choke_points,31,325,140,456
H:\My Drive\models\images\IMG-14314.jpg,600,600,choke_points,238,84,555,181
H:\My Drive\models\images\IMG-14323.jpg,600,600,choke_points,30,13,169,117
H:\My Drive\models\images\IMG-14330.jpg,600,600,choke_points,221,126,391,249
H:\My Drive\models\images\IMG-14342.jpg,600,600,choke_points,159,259,325,359
H:\My Drive\models\images\IMG-14342.jpg,600,600,choke_points,343,358,441,481
H:\My Drive\models\images\IMG-14355.jpg,600,600,choke_points,482,379,600,520
H:\My Drive\models\images\IMG-14355.jpg,600,600,choke_points,96,513,242,600
H:\My Drive\models\images\IMG-14389.jpg,600,600,choke_points,348,340,436,423
H:\My Drive\models\images\IMG-1483.jpg,600,600,choke_points,428,365,507,489
H:\My Drive\models\images\IMG-1483.jpg,600,600,choke_points,289,475,394,538
H:\My Drive\models\images\IMG-1492.jpg,600,600,choke_points,359,254,474,325
H:\My Drive\models\images\IMG-1495.jpg,600,600,choke_points,44,293,128,388
H:\My Drive\models\images\IMG-1507.jpg,600,600,choke_points,393,97,544,174
H:\My Drive\models\images\IMG-15130.jpg,600,600,choke_points,403,236,482,401
H:\My Drive\models\images\IMG-15162.jpg,600,600,choke_points,92,472,188,518
H:\My Drive\models\images\IMG-15182.jpg,600,600,choke_points,85,246,175,384
H:\My Drive\models\images\IMG-15182.jpg,600,600,choke_points,62,439,195,600
H:\My Drive\models\images\IMG-15208.jpg,600,600,choke_points,338,141,524,394
H:\My Drive\models\images\IMG-15216.jpg,600,600,choke_points,103,362,149,425
H:\My Drive\models\images\IMG-15216.jpg,600,600,choke_points,111,299,155,331
H:\My Drive\models\images\IMG-15216.jpg,600,600,choke_points,45,1,146,284
H:\My Drive\models\images\IMG-1524.jpg,600,600,choke_points,307,185,389,246
H:\My Drive\models\images\IMG-15252.jpg,600,600,choke_points,443,89,560,261
H:\My Drive\models\images\IMG-15253.jpg,600,600,choke_points,77,325,160,404
H:\My Drive\models\images\IMG-15271.jpg,600,600,choke_points,422,63,580,175
H:\My Drive\models\images\IMG-15272.jpg,600,600,choke_points,394,465,517,600
H:\My Drive\models\images\IMG-15282.jpg,600,600,choke_points,260,165,331,243
H:\My Drive\models\images\IMG-15282.jpg,600,600,choke_points,305,284,416,472
H:\My Drive\models\images\IMG-15363.jpg,600,600,choke_points,464,479,539,547
H:\My Drive\models\images\IMG-15368.jpg,600,600,choke_points,463,21,512,73
H:\My Drive\models\images\IMG-15368.jpg,600,600,choke_points,280,1,388,49
H:\My Drive\models\images\IMG-15390.jpg,600,600,choke_points,557,22,600,96
H:\My Drive\models\images\IMG-15417.jpg,600,600,choke_points,359,409,481,600
H:\My Drive\models\images\IMG-15442.jpg,600,600,choke_points,407,428,543,545
H:\My Drive\models\images\IMG-15451.jpg,600,600,choke_points,325,371,389,419
H:\My Drive\models\images\IMG-15451.jpg,600,600,choke_points,413,353,600,424
H:\My Drive\models\images\IMG-15451.jpg,600,600,choke_points,210,378,296,463
H:\My Drive\models\images\IMG-15451.jpg,600,600,choke_points,76,424,145,564
H:\My Drive\models\images\IMG-15451.jpg,600,600,choke_points,1,488,45,596
H:\My Drive\models\images\IMG-15452.jpg,600,600,choke_points,349,466,418,541
H:\My Drive\models\images\IMG-15455.jpg,600,600,choke_points,104,253,223,448
H:\My Drive\models\images\IMG-15455.jpg,600,600,choke_points,300,10,537,187
H:\My Drive\models\images\IMG-15477.jpg,600,600,choke_points,163,156,270,268
H:\My Drive\models\images\IMG-15481.jpg,600,600,choke_points,227,432,443,600
H:\My Drive\models\images\IMG-15483.jpg,600,600,choke_points,235,348,331,401
H:\My Drive\models\images\IMG-15483.jpg,600,600,choke_points,439,179,557,269
H:\My Drive\models\images\IMG-159.jpg,600,600,choke_points,181,148,284,218
H:\My Drive\models\images\IMG-159.jpg,600,600,choke_points,351,125,482,222
H:\My Drive\models\images\IMG-161.jpg,600,600,choke_points,326,48,417,87
H:\My Drive\models\images\IMG-165.jpg,600,600,choke_points,201,173,301,208
H:\My Drive\models\images\IMG-17.jpg,600,600,choke_points,250,225,289,348
H:\My Drive\models\images\IMG-174.jpg,600,600,choke_points,297,290,347,347
H:\My Drive\models\images\IMG-2046.jpg,600,600,choke_points,213,216,298,281
H:\My Drive\models\images\IMG-2046.jpg,600,600,choke_points,155,148,218,189
H:\My Drive\models\images\IMG-2098.jpg,600,600,choke_points,178,276,219,310
H:\My Drive\models\images\IMG-2098.jpg,600,600,choke_points,251,302,306,359
H:\My Drive\models\images\IMG-2098.jpg,600,600,choke_points,371,350,470,394
H:\My Drive\models\images\IMG-2099.jpg,600,600,choke_points,510,247,556,288
H:\My Drive\models\images\IMG-2099.jpg,600,600,choke_points,202,262,269,294
H:\My Drive\models\images\IMG-210.jpg,600,600,choke_points,488,64,581,162
H:\My Drive\models\images\IMG-2100.jpg,600,600,choke_points,153,240,184,275
H:\My Drive\models\images\IMG-2100.jpg,600,600,choke_points,206,228,252,269
H:\My Drive\models\images\IMG-2100.jpg,600,600,choke_points,268,201,313,240
H:\My Drive\models\images\IMG-2100.jpg,600,600,choke_points,452,159,492,200
H:\My Drive\models\images\IMG-2100.jpg,600,600,choke_points,93,250,132,293
H:\My Drive\models\images\IMG-2100.jpg,600,600,choke_points,372,191,405,224
H:\My Drive\models\images\IMG-2101.jpg,600,600,choke_points,22,76,114,118
H:\My Drive\models\images\IMG-2101.jpg,600,600,choke_points,119,25,169,59
H:\My Drive\models\images\IMG-2120.jpg,600,600,choke_points,34,492,98,528
H:\My Drive\models\images\IMG-2143.jpg,600,600,choke_points,24,483,214,600
H:\My Drive\models\images\IMG-2147.jpg,600,600,choke_points,358,30,440,98
H:\My Drive\models\images\IMG-2147.jpg,600,600,choke_points,514,273,551,310
H:\My Drive\models\images\IMG-2184.jpg,600,600,choke_points,123,200,191,419
H:\My Drive\models\images\IMG-2205.jpg,600,600,choke_points,195,555,260,600
H:\My Drive\models\images\IMG-2205.jpg,600,600,choke_points,434,4,530,83
H:\My Drive\models\images\IMG-2220.jpg,600,600,choke_points,440,426,523,471
H:\My Drive\models\images\IMG-2240.jpg,600,600,choke_points,82,321,153,394
H:\My Drive\models\images\IMG-2249.jpg,600,600,choke_points,349,33,393,77
H:\My Drive\models\images\IMG-2269.jpg,600,600,choke_points,238,94,394,335
H:\My Drive\models\images\IMG-229.jpg,600,600,choke_points,273,231,352,296
H:\My Drive\models\images\IMG-2315.jpg,600,600,choke_points,457,252,507,324
H:\My Drive\models\images\IMG-232.jpg,600,600,choke_points,162,20,233,63
H:\My Drive\models\images\IMG-232.jpg,600,600,choke_points,359,14,458,78
H:\My Drive\models\images\IMG-233.jpg,600,600,choke_points,267,184,353,255
H:\My Drive\models\images\IMG-234.jpg,600,600,choke_points,143,226,244,281
H:\My Drive\models\images\IMG-234.jpg,600,600,choke_points,27,289,100,340
H:\My Drive\models\images\IMG-2375.jpg,600,600,choke_points,127,101,262,329
H:\My Drive\models\images\IMG-2389.jpg,600,600,choke_points,102,425,124,457
H:\My Drive\models\images\IMG-2389.jpg,600,600,choke_points,24,484,79,552
H:\My Drive\models\images\IMG-2398.jpg,600,600,choke_points,415,542,448,581
H:\My Drive\models\images\IMG-2432.jpg,600,600,choke_points,65,170,102,208
H:\My Drive\models\images\IMG-2480.jpg,600,600,choke_points,447,498,490,533
H:\My Drive\models\images\IMG-2508.jpg,600,600,choke_points,466,91,516,172
H:\My Drive\models\images\IMG-2562.jpg,600,600,choke_points,223,222,288,279
H:\My Drive\models\images\IMG-2562.jpg,600,600,choke_points,290,288,353,344
H:\My Drive\models\images\IMG-2562.jpg,600,600,choke_points,396,375,479,443
H:\My Drive\models\images\IMG-2564.jpg,600,600,choke_points,236,232,353,286
H:\My Drive\models\images\IMG-2564.jpg,600,600,choke_points,59,366,109,390
H:\My Drive\models\images\IMG-258.jpg,600,600,choke_points,337,35,463,100
H:\My Drive\models\images\IMG-259.jpg,600,600,choke_points,227,50,301,100
H:\My Drive\models\images\IMG-2590.jpg,600,600,choke_points,71,317,159,385
H:\My Drive\models\images\IMG-2590.jpg,600,600,choke_points,226,420,322,500
H:\My Drive\models\images\IMG-26.jpg,600,600,choke_points,142,411,191,459
H:\My Drive\models\images\IMG-2625.jpg,600,600,choke_points,246,545,378,597
H:\My Drive\models\images\IMG-2625.jpg,600,600,choke_points,82,310,156,351
H:\My Drive\models\images\IMG-265.jpg,600,600,choke_points,437,332,561,418
H:\My Drive\models\images\IMG-2653.jpg,600,600,choke_points,300,301,336,336
H:\My Drive\models\images\IMG-2653.jpg,600,600,choke_points,434,164,491,197
H:\My Drive\models\images\IMG-2654.jpg,600,600,choke_points,68,294,128,365
H:\My Drive\models\images\IMG-2654.jpg,600,600,choke_points,207,491,277,571
H:\My Drive\models\images\IMG-2657.jpg,600,600,choke_points,156,111,238,250
H:\My Drive\models\images\IMG-2663.jpg,600,600,choke_points,474,235,531,284
H:\My Drive\models\images\IMG-269.jpg,600,600,choke_points,502,278,586,324
H:\My Drive\models\images\IMG-280.jpg,600,600,choke_points,433,148,544,208
H:\My Drive\models\images\IMG-297.jpg,600,600,choke_points,380,190,494,259
H:\My Drive\models\images\IMG-3096.jpg,600,600,choke_points,69,57,134,112
H:\My Drive\models\images\IMG-3096.jpg,600,600,choke_points,182,167,251,218
H:\My Drive\models\images\IMG-310.jpg,600,600,choke_points,205,76,446,157
H:\My Drive\models\images\IMG-3174.jpg,600,600,choke_points,147,108,207,138
H:\My Drive\models\images\IMG-3175.jpg,600,600,choke_points,447,67,485,102
H:\My Drive\models\images\IMG-319.jpg,600,600,choke_points,190,297,241,346
H:\My Drive\models\images\IMG-321.jpg,600,600,choke_points,433,365,483,441
H:\My Drive\models\images\IMG-3249.jpg,600,600,choke_points,219,21,260,90
H:\My Drive\models\images\IMG-326.jpg,600,600,choke_points,29,542,91,579
H:\My Drive\models\images\IMG-326.jpg,600,600,choke_points,378,44,500,143
H:\My Drive\models\images\IMG-3270.jpg,600,600,choke_points,336,344,440,473
H:\My Drive\models\images\IMG-3304.jpg,600,600,choke_points,396,402,436,441
H:\My Drive\models\images\IMG-3304.jpg,600,600,choke_points,319,410,384,485
H:\My Drive\models\images\IMG-3314.jpg,600,600,choke_points,466,301,586,358
H:\My Drive\models\images\IMG-3321.jpg,600,600,choke_points,131,143,301,200
H:\My Drive\models\images\IMG-3321.jpg,600,600,choke_points,416,155,490,224
H:\My Drive\models\images\IMG-3321.jpg,600,600,choke_points,510,537,542,581
H:\My Drive\models\images\IMG-3324.jpg,600,600,choke_points,249,24,284,51
H:\My Drive\models\images\IMG-3339.jpg,600,600,choke_points,537,192,595,245
H:\My Drive\models\images\IMG-3339.jpg,600,600,choke_points,517,76,556,109
H:\My Drive\models\images\IMG-3344.jpg,600,600,choke_points,236,341,400,522
H:\My Drive\models\images\IMG-3351.jpg,600,600,choke_points,392,66,487,113
H:\My Drive\models\images\IMG-3417.jpg,600,600,choke_points,78,491,144,551
H:\My Drive\models\images\IMG-3435.jpg,600,600,choke_points,69,50,145,149
H:\My Drive\models\images\IMG-4009.jpg,600,600,choke_points,272,58,399,140
H:\My Drive\models\images\IMG-4032.jpg,600,600,choke_points,382,45,563,107
H:\My Drive\models\images\IMG-4103.jpg,600,600,choke_points,351,45,464,156
H:\My Drive\models\images\IMG-412.jpg,600,600,choke_points,211,485,351,555
H:\My Drive\models\images\IMG-412.jpg,600,600,choke_points,122,473,194,519
H:\My Drive\models\images\IMG-4138.jpg,600,600,choke_points,194,463,240,510
H:\My Drive\models\images\IMG-414.jpg,600,600,choke_points,271,82,334,129
H:\My Drive\models\images\IMG-4250.jpg,600,600,choke_points,271,332,333,377
H:\My Drive\models\images\IMG-434.jpg,600,600,choke_points,105,29,199,85
H:\My Drive\models\images\IMG-4348.jpg,600,600,choke_points,190,323,391,480
H:\My Drive\models\images\IMG-4356.jpg,600,600,choke_points,268,163,338,201
H:\My Drive\models\images\IMG-4380.jpg,600,600,choke_points,574,510,594,551
H:\My Drive\models\images\IMG-4380.jpg,600,600,choke_points,370,435,469,596
H:\My Drive\models\images\IMG-4461.jpg,600,600,choke_points,11,262,201,448
H:\My Drive\models\images\IMG-4496.jpg,600,600,choke_points,246,394,290,450
H:\My Drive\models\images\IMG-4545.jpg,600,600,choke_points,83,289,127,343
H:\My Drive\models\images\IMG-4591.jpg,600,600,choke_points,356,42,440,94
H:\My Drive\models\images\IMG-4594.jpg,600,600,choke_points,186,342,263,392
H:\My Drive\models\images\IMG-4594.jpg,600,600,choke_points,333,475,390,569
H:\My Drive\models\images\IMG-4601.jpg,600,600,choke_points,202,67,235,162
H:\My Drive\models\images\IMG-4618.jpg,600,600,choke_points,388,23,581,248
H:\My Drive\models\images\IMG-5002.jpg,600,600,choke_points,468,25,543,115
H:\My Drive\models\images\IMG-5003.jpg,600,600,choke_points,382,344,509,422
H:\My Drive\models\images\IMG-5004.jpg,600,600,choke_points,204,284,269,337
H:\My Drive\models\images\IMG-5005.jpg,600,600,choke_points,478,247,515,277
H:\My Drive\models\images\IMG-5015.jpg,600,600,choke_points,363,392,458,443
H:\My Drive\models\images\IMG-5056.jpg,600,600,choke_points,106,47,156,113
H:\My Drive\models\images\IMG-509.jpg,600,600,choke_points,273,428,448,548
H:\My Drive\models\images\IMG-512.jpg,600,600,choke_points,298,392,347,435
H:\My Drive\models\images\IMG-512.jpg,600,600,choke_points,492,325,586,358
H:\My Drive\models\images\IMG-513.jpg,600,600,choke_points,174,246,230,271
H:\My Drive\models\images\IMG-515.jpg,600,600,choke_points,463,233,485,260
H:\My Drive\models\images\IMG-515.jpg,600,600,choke_points,349,75,408,146
H:\My Drive\models\images\IMG-5225.jpg,600,600,choke_points,298,238,355,294
H:\My Drive\models\images\IMG-523.jpg,600,600,choke_points,39,259,111,355
H:\My Drive\models\images\IMG-5251.jpg,600,600,choke_points,165,482,229,542
H:\My Drive\models\images\IMG-539.jpg,600,600,choke_points,191,192,244,236
H:\My Drive\models\images\IMG-539.jpg,600,600,choke_points,309,259,343,280
H:\My Drive\models\images\IMG-539.jpg,600,600,choke_points,439,269,481,296
H:\My Drive\models\images\IMG-543.jpg,600,600,choke_points,17,368,78,411
H:\My Drive\models\images\IMG-543.jpg,600,600,choke_points,297,221,334,258
H:\My Drive\models\images\IMG-543.jpg,600,600,choke_points,119,246,293,330
H:\My Drive\models\images\IMG-570.jpg,600,600,choke_points,397,31,417,65
H:\My Drive\models\images\IMG-570.jpg,600,600,choke_points,410,172,452,205
H:\My Drive\models\images\IMG-574.jpg,600,600,choke_points,348,262,380,320
H:\My Drive\models\images\IMG-583.jpg,600,600,choke_points,290,375,413,473
H:\My Drive\models\images\IMG-599.jpg,600,600,choke_points,492,464,540,524
H:\My Drive\models\images\IMG-599.jpg,600,600,choke_points,278,57,328,90
H:\My Drive\models\images\IMG-600.jpg,600,600,choke_points,356,387,412,431
H:\My Drive\models\images\IMG-601.jpg,600,600,choke_points,428,289,492,337
H:\My Drive\models\images\IMG-6031.jpg,600,600,choke_points,125,494,175,537
H:\My Drive\models\images\IMG-6031.jpg,600,600,choke_points,232,514,374,576
H:\My Drive\models\images\IMG-6035.jpg,600,600,choke_points,348,232,402,347
H:\My Drive\models\images\IMG-6036.jpg,600,600,choke_points,259,25,299,72
H:\My Drive\models\images\IMG-6059.jpg,600,600,choke_points,139,181,222,259
H:\My Drive\models\images\IMG-6059.jpg,600,600,choke_points,152,288,215,332
H:\My Drive\models\images\IMG-6060.jpg,600,600,choke_points,163,43,213,84
H:\My Drive\models\images\IMG-6086.jpg,600,600,choke_points,273,323,355,369
H:\My Drive\models\images\IMG-6087.jpg,600,600,choke_points,31,129,99,183
H:\My Drive\models\images\IMG-6087.jpg,600,600,choke_points,189,39,258,89
H:\My Drive\models\images\IMG-6114.jpg,600,600,choke_points,440,96,510,150
H:\My Drive\models\images\IMG-6114.jpg,600,600,choke_points,509,108,586,159
H:\My Drive\models\images\IMG-6153.jpg,600,600,choke_points,529,288,584,320
H:\My Drive\models\images\IMG-6153.jpg,600,600,choke_points,104,205,174,251
H:\My Drive\models\images\IMG-6154.jpg,600,600,choke_points,260,271,331,311
H:\My Drive\models\images\IMG-6154.jpg,600,600,choke_points,485,327,516,360
H:\My Drive\models\images\IMG-6156.jpg,600,600,choke_points,86,431,211,510
H:\My Drive\models\images\IMG-6170.jpg,600,600,choke_points,443,390,506,559
H:\My Drive\models\images\IMG-6204.jpg,600,600,choke_points,105,469,143,528
H:\My Drive\models\images\IMG-6231.jpg,600,600,choke_points,442,413,549,489
H:\My Drive\models\images\IMG-6233.jpg,600,600,choke_points,269,394,386,460
H:\My Drive\models\images\IMG-6235.jpg,600,600,choke_points,248,202,323,389
H:\My Drive\models\images\IMG-6236.jpg,600,600,choke_points,226,517,263,559
H:\My Drive\models\images\IMG-6257.jpg,600,600,choke_points,336,315,377,360
H:\My Drive\models\images\IMG-6258.jpg,600,600,choke_points,255,409,276,439
H:\My Drive\models\images\IMG-6278.jpg,600,600,choke_points,297,421,339,477
H:\My Drive\models\images\IMG-628.jpg,600,600,choke_points,289,426,353,471
H:\My Drive\models\images\IMG-6303.jpg,600,600,choke_points,10,151,240,398
H:\My Drive\models\images\IMG-6370.jpg,600,600,choke_points,271,229,319,299
H:\My Drive\models\images\IMG-6402.jpg,600,600,choke_points,385,403,559,543
H:\My Drive\models\images\IMG-6509.jpg,600,600,choke_points,276,233,384,290
H:\My Drive\models\images\IMG-656.jpg,600,600,choke_points,252,172,292,259
H:\My Drive\models\images\IMG-665.jpg,600,600,choke_points,132,115,230,147
H:\My Drive\models\images\IMG-6669.jpg,600,600,choke_points,80,494,147,534
H:\My Drive\models\images\IMG-6669.jpg,600,600,choke_points,393,548,472,591
H:\My Drive\models\images\IMG-682.jpg,600,600,choke_points,213,176,282,268
H:\My Drive\models\images\IMG-7004.jpg,600,600,choke_points,136,2,290,44
H:\My Drive\models\images\IMG-7010.jpg,600,600,choke_points,392,38,459,77
H:\My Drive\models\images\IMG-7011.jpg,600,600,choke_points,71,379,144,415
H:\My Drive\models\images\IMG-7012.jpg,600,600,choke_points,48,61,122,93
H:\My Drive\models\images\IMG-7018.jpg,600,600,choke_points,453,54,543,92
H:\My Drive\models\images\IMG-705.jpg,600,600,choke_points,331,43,525,168
H:\My Drive\models\images\IMG-7110.jpg,600,600,choke_points,376,124,424,200
H:\My Drive\models\images\IMG-7231.jpg,600,600,choke_points,26,240,97,361
H:\My Drive\models\images\IMG-731.jpg,600,600,choke_points,263,282,386,355
H:\My Drive\models\images\IMG-731.jpg,600,600,choke_points,422,320,481,354
H:\My Drive\models\images\IMG-7366.jpg,600,600,choke_points,201,302,248,389
H:\My Drive\models\images\IMG-7565.jpg,600,600,choke_points,274,325,401,431
H:\My Drive\models\images\IMG-7635.jpg,600,600,choke_points,149,275,222,333
H:\My Drive\models\images\IMG-82.jpg,600,600,choke_points,549,13,579,47
H:\My Drive\models\images\IMG-8466.jpg,600,600,choke_points,358,128,446,191
H:\My Drive\models\images\IMG-85.jpg,600,600,choke_points,124,198,197,238
H:\My Drive\models\images\IMG-86.jpg,600,600,choke_points,208,88,257,119
H:\My Drive\models\images\IMG-86.jpg,600,600,choke_points,6,283,61,347
H:\My Drive\models\images\IMG-9028.jpg,600,600,choke_points,125,457,208,516
H:\My Drive\models\images\IMG-9056.jpg,600,600,choke_points,344,74,406,105
H:\My Drive\models\images\IMG-9056.jpg,600,600,choke_points,228,509,296,567
H:\My Drive\models\images\IMG-9057.jpg,600,600,choke_points,1,1,65,38
H:\My Drive\models\images\IMG-9057.jpg,600,600,choke_points,464,1,536,23
H:\My Drive\models\images\IMG-9064.jpg,600,600,choke_points,154,213,270,263
H:\My Drive\models\images\IMG-9078.jpg,600,600,choke_points,485,56,599,156
H:\My Drive\models\images\IMG-9080.jpg,600,600,choke_points,1,192,64,264
H:\My Drive\models\images\IMG-9080.jpg,600,600,choke_points,1,306,60,401
H:\My Drive\models\images\IMG-9081.jpg,600,600,choke_points,90,54,235,209
H:\My Drive\models\images\IMG-9108.jpg,600,600,choke_points,17,474,297,544
H:\My Drive\models\images\IMG-9108.jpg,600,600,choke_points,350,364,542,528
H:\My Drive\models\images\IMG-9112.jpg,600,600,choke_points,464,129,515,221
H:\My Drive\models\images\IMG-9112.jpg,600,600,choke_points,188,459,450,519
H:\My Drive\models\images\IMG-9141.jpg,600,600,choke_points,11,243,71,318
H:\My Drive\models\images\IMG-9141.jpg,600,600,choke_points,143,58,359,203
H:\My Drive\models\images\IMG-9158.jpg,600,600,choke_points,438,73,564,153
H:\My Drive\models\images\IMG-9171.jpg,600,600,choke_points,123,11,326,105
H:\My Drive\models\images\IMG-9237.jpg,600,600,choke_points,204,359,265,426
H:\My Drive\models\images\IMG-9237.jpg,600,600,choke_points,290,469,474,554
H:\My Drive\models\images\IMG-9245.jpg,600,600,choke_points,466,193,550,371
H:\My Drive\models\images\IMG-9270.jpg,600,600,choke_points,428,108,596,188
H:\My Drive\models\images\IMG-9270.jpg,600,600,choke_points,354,241,419,418
H:\My Drive\models\images\IMG-9270.jpg,600,600,choke_points,482,458,600,511
H:\My Drive\models\images\IMG-9271.jpg,600,600,choke_points,231,441,318,543
H:\My Drive\models\images\IMG-9271.jpg,600,600,choke_points,53,16,159,96
H:\My Drive\models\images\IMG-9273.jpg,600,600,choke_points,248,50,375,93
H:\My Drive\models\images\IMG-9273.jpg,600,600,choke_points,470,32,591,224
H:\My Drive\models\images\IMG-9297.jpg,600,600,choke_points,313,358,481,508
H:\My Drive\models\images\IMG-9297.jpg,600,600,choke_points,281,524,488,600
H:\My Drive\models\images\IMG-9364.jpg,600,600,choke_points,476,18,600,237
H:\My Drive\models\images\IMG-9405.jpg,600,600,choke_points,199,481,337,600
H:\My Drive\models\images\IMG-9510.jpg,600,600,choke_points,111,287,318,335
H:\My Drive\models\images\IMG-9512.jpg,600,600,choke_points,11,190,63,236
H:\My Drive\models\images\IMG-9512.jpg,600,600,choke_points,158,146,296,226
H:\My Drive\models\images\IMG-9515.jpg,600,600,choke_points,248,349,384,460
H:\My Drive\models\images\IMG-9515.jpg,600,600,choke_points,436,178,564,259
H:\My Drive\models\images\IMG-9563.jpg,600,600,choke_points,194,443,270,508
H:\My Drive\models\images\IMG-9563.jpg,600,600,choke_points,1,501,153,591
H:\My Drive\models\images\IMG-9565.jpg,600,600,choke_points,55,69,138,136
H:\My Drive\models\images\IMG-9565.jpg,600,600,choke_points,20,406,218,475
H:\My Drive\models\images\IMG-9591.jpg,600,600,choke_points,350,16,600,122
H:\My Drive\models\images\IMG-9592.jpg,600,600,choke_points,100,93,212,181
H:\My Drive\models\images\IMG-9592.jpg,600,600,choke_points,236,199,372,396
H:\My Drive\models\images\IMG-9611.jpg,600,600,choke_points,42,356,280,403
H:\My Drive\models\images\IMG-9611.jpg,600,600,choke_points,484,245,588,326
H:\My Drive\models\images\IMG-9641.jpg,600,600,choke_points,355,114,591,336
H:\My Drive\models\images\IMG-9641.jpg,600,600,choke_points,334,26,393,94
H:\My Drive\models\images\IMG-9642.jpg,600,600,choke_points,105,256,246,313
H:\My Drive\models\images\IMG-9642.jpg,600,600,choke_points,349,241,462,378
H:\My Drive\models\images\IMG-9642.jpg,600,600,choke_points,513,450,600,519
H:\My Drive\models\images\IMG-9646.jpg,600,600,choke_points,1,9,168,108
H:\My Drive\models\images\IMG-9646.jpg,600,600,choke_points,467,511,577,555
H:\My Drive\models\images\IMG-9658.jpg,600,600,choke_points,290,74,475,279
H:\My Drive\models\images\IMG-9663.jpg,600,600,choke_points,158,311,246,463
H:\My Drive\models\images\IMG-9663.jpg,600,600,choke_points,55,492,180,600
H:\My Drive\models\images\IMG-9670.jpg,600,600,choke_points,96,1,170,76
H:\My Drive\models\images\IMG-9670.jpg,600,600,choke_points,195,103,285,173
H:\My Drive\models\images\IMG-9670.jpg,600,600,choke_points,307,154,456,232
H:\My Drive\models\images\IMG-9671.jpg,600,600,choke_points,450,530,572,595
H:\My Drive\models\images\IMG-9671.jpg,600,600,choke_points,139,308,312,404
H:\My Drive\models\images\IMG-9671.jpg,600,600,choke_points,102,57,353,123
H:\My Drive\models\images\IMG-9671.jpg,600,600,choke_points,408,2,598,84
H:\My Drive\models\images\IMG-9674.jpg,600,600,choke_points,343,1,531,196
H:\My Drive\models\images\IMG-34426.jpg,600,600,choke_points,379,67,453,125
H:\My Drive\models\images\IMG-34466.jpg,600,600,choke_points,252,388,310,504
H:\My Drive\models\images\IMG-34478.jpg,600,600,choke_points,344,416,402,463
H:\My Drive\models\images\IMG-34494.jpg,600,600,choke_points,384,371,444,433
H:\My Drive\models\images\IMG-34550.jpg,600,600,choke_points,464,288,519,334
H:\My Drive\models\images\IMG-34719.jpg,600,600,choke_points,472,219,518,267
H:\My Drive\models\images\IMG-35032.jpg,600,600,choke_points,433,362,480,396
H:\My Drive\models\images\IMG-35033.jpg,600,600,choke_points,180,288,219,310
H:\My Drive\models\images\IMG-35033.jpg,600,600,choke_points,377,159,436,201
H:\My Drive\models\images\IMG-35046.jpg,600,600,choke_points,460,377,552,493
H:\My Drive\models\images\IMG-35144.jpg,600,600,choke_points,240,319,291,376
H:\My Drive\models\images\IMG-35293.jpg,600,600,choke_points,164,419,268,491
H:\My Drive\models\images\IMG-35293.jpg,600,600,choke_points,96,318,146,399
H:\My Drive\models\images\IMG-35306.jpg,600,600,choke_points,226,357,330,394
H:\My Drive\models\images\IMG-35310.jpg,600,600,choke_points,151,199,202,266
H:\My Drive\models\images\IMG-35311.jpg,600,600,choke_points,299,23,331,76
H:\My Drive\models\images\IMG-35321.jpg,600,600,choke_points,155,159,260,253
H:\My Drive\models\images\IMG-35395.jpg,600,600,choke_points,226,259,287,429
H:\My Drive\models\images\IMG-19569.jpg,600,600,choke_points,156,356,196,376
H:\My Drive\models\images\IMG-19656.jpg,600,600,choke_points,82,185,196,224
H:\My Drive\models\images\IMG-21027.jpg,600,600,choke_points,216,238,269,333
H:\My Drive\models\images\IMG-21034.jpg,600,600,choke_points,43,172,88,216
H:\My Drive\models\images\IMG-21035.jpg,600,600,choke_points,204,225,250,269
H:\My Drive\models\images\IMG-21036.jpg,600,600,choke_points,125,279,170,313
H:\My Drive\models\images\IMG-21063.jpg,600,600,choke_points,404,211,457,265
H:\My Drive\models\images\IMG-21085.jpg,600,600,choke_points,367,92,399,124
H:\My Drive\models\images\IMG-21086.jpg,600,600,choke_points,213,118,274,159
H:\My Drive\models\images\IMG-21086.jpg,600,600,choke_points,313,37,356,82
H:\My Drive\models\images\IMG-21135.jpg,600,600,choke_points,70,256,112,317
H:\My Drive\models\images\IMG-21135.jpg,600,600,choke_points,82,322,119,412
H:\My Drive\models\images\IMG-21308.jpg,600,600,choke_points,481,304,544,362
H:\My Drive\models\images\IMG-21308.jpg,600,600,choke_points,413,351,471,449
H:\My Drive\models\images\IMG-21349.jpg,600,600,choke_points,160,319,204,367
H:\My Drive\models\images\IMG-21349.jpg,600,600,choke_points,131,443,185,524
H:\My Drive\models\images\IMG-21387.jpg,600,600,choke_points,476,102,528,161
H:\My Drive\models\images\IMG-21387.jpg,600,600,choke_points,543,197,584,279
H:\My Drive\models\images\IMG-21402.jpg,600,600,choke_points,276,146,320,200
H:\My Drive\models\images\IMG-21402.jpg,600,600,choke_points,175,335,216,372
H:\My Drive\models\images\IMG-21402.jpg,600,600,choke_points,157,253,200,298
H:\My Drive\models\images\IMG-21429.jpg,600,600,choke_points,77,32,121,90
H:\My Drive\models\images\IMG-21442.jpg,600,600,choke_points,1,162,36,288
H:\My Drive\models\images\IMG-21442.jpg,600,600,choke_points,230,156,308,241
H:\My Drive\models\images\IMG-21442.jpg,600,600,choke_points,42,338,128,402
H:\My Drive\models\images\IMG-21444.jpg,600,600,choke_points,140,94,190,143
H:\My Drive\models\images\IMG-21454.jpg,600,600,choke_points,410,159,505,212
H:\My Drive\models\images\IMG-21479.jpg,600,600,choke_points,343,376,505,425
H:\My Drive\models\images\IMG-21490.jpg,600,600,choke_points,458,367,502,421
H:\My Drive\models\images\IMG-21492.jpg,600,600,choke_points,260,244,334,293
H:\My Drive\models\images\IMG-21505.jpg,600,600,choke_points,552,367,600,472
H:\My Drive\models\images\IMG-21547.jpg,600,600,choke_points,227,174,262,254
H:\My Drive\models\images\IMG-21547.jpg,600,600,choke_points,164,312,197,368
H:\My Drive\models\images\IMG-21547.jpg,600,600,choke_points,125,441,175,542
H:\My Drive\models\images\IMG-21573.jpg,600,600,choke_points,293,326,376,379
H:\My Drive\models\images\IMG-21573.jpg,600,600,choke_points,393,336,495,375
H:\My Drive\models\images\IMG-21601.jpg,600,600,choke_points,495,187,546,299
H:\My Drive\models\images\IMG-21601.jpg,600,600,choke_points,528,108,563,174
H:\My Drive\models\images\IMG-22031.jpg,600,600,choke_points,495,90,546,130
H:\My Drive\models\images\IMG-22034.jpg,600,600,choke_points,81,478,119,546
H:\My Drive\models\images\IMG-22059.jpg,600,600,choke_points,204,288,236,337
H:\My Drive\models\images\IMG-22089.jpg,600,600,choke_points,45,167,129,219
H:\My Drive\models\images\IMG-22089.jpg,600,600,choke_points,496,490,551,536
H:\My Drive\models\images\IMG-22114.jpg,600,600,choke_points,236,316,291,354
H:\My Drive\models\images\IMG-22141.jpg,600,600,choke_points,203,118,269,287
H:\My Drive\models\images\IMG-22142.jpg,600,600,choke_points,329,142,355,162
H:\My Drive\models\images\IMG-22169.jpg,600,600,choke_points,451,212,505,240
H:\My Drive\models\images\IMG-22197.jpg,600,600,choke_points,184,230,240,302
H:\My Drive\models\images\IMG-22224.jpg,600,600,choke_points,487,431,567,521
H:\My Drive\models\images\IMG-22252.jpg,600,600,choke_points,334,227,421,269
H:\My Drive\models\images\IMG-22271.jpg,600,600,choke_points,446,278,501,313
H:\My Drive\models\images\IMG-22607.jpg,600,600,choke_points,10,385,61,575
H:\My Drive\models\images\IMG-22607.jpg,600,600,choke_points,430,90,494,169
H:\My Drive\models\images\IMG-22608.jpg,600,600,choke_points,162,111,245,143
H:\My Drive\models\images\IMG-22608.jpg,600,600,choke_points,287,34,353,116
H:\My Drive\models\images\IMG-22611.jpg,600,600,choke_points,62,268,141,345
H:\My Drive\models\images\IMG-22611.jpg,600,600,choke_points,462,171,535,239
H:\My Drive\models\images\IMG-22612.jpg,600,600,choke_points,157,49,202,108
H:\My Drive\models\images\IMG-22612.jpg,600,600,choke_points,7,168,105,214
H:\My Drive\models\images\IMG-22633.jpg,600,600,choke_points,382,98,463,183
H:\My Drive\models\images\IMG-22634.jpg,600,600,choke_points,377,71,463,119
H:\My Drive\models\images\IMG-22641.jpg,600,600,choke_points,69,38,117,113
H:\My Drive\models\images\IMG-22724.jpg,600,600,choke_points,444,263,487,313
H:\My Drive\models\images\IMG-23027.jpg,600,600,choke_points,185,332,236,373
H:\My Drive\models\images\IMG-23040.jpg,600,600,choke_points,346,279,522,336
H:\My Drive\models\images\IMG-23041.jpg,600,600,choke_points,402,60,557,114
H:\My Drive\models\images\IMG-23045.jpg,600,600,choke_points,477,489,599,553
H:\My Drive\models\images\IMG-23112.jpg,600,600,choke_points,135,150,282,254
H:\My Drive\models\images\IMG-23259.jpg,600,600,choke_points,371,316,518,516
H:\My Drive\models\images\IMG-23262.jpg,600,600,choke_points,489,252,541,291
H:\My Drive\models\images\IMG-23278.jpg,600,600,choke_points,233,537,311,579
H:\My Drive\models\images\IMG-23358.jpg,600,600,choke_points,268,256,345,318
H:\My Drive\models\images\IMG-23435.jpg,600,600,choke_points,407,528,462,579
H:\My Drive\models\images\IMG-24317.jpg,600,600,choke_points,335,228,463,332
H:\My Drive\models\images\IMG-24442.jpg,600,600,choke_points,410,138,582,332
H:\My Drive\models\images\IMG-24476.jpg,600,600,choke_points,252,431,369,518
H:\My Drive\models\images\IMG-25006.jpg,600,600,choke_points,305,390,367,519
H:\My Drive\models\images\IMG-25021.jpg,600,600,choke_points,256,319,329,431
H:\My Drive\models\images\IMG-25137.jpg,600,600,choke_points,11,196,119,291
H:\My Drive\models\images\IMG-25162.jpg,600,600,choke_points,342,206,404,271
H:\My Drive\models\images\IMG-25166.jpg,600,600,choke_points,392,261,439,338
H:\My Drive\models\images\IMG-25184.jpg,600,600,choke_points,447,105,497,150
H:\My Drive\models\images\IMG-25193.jpg,600,600,choke_points,410,229,471,281
H:\My Drive\models\images\IMG-25201.jpg,600,600,choke_points,239,396,304,522
H:\My Drive\models\images\IMG-25291.jpg,600,600,choke_points,287,222,391,288
H:\My Drive\models\images\IMG-25346.jpg,600,600,choke_points,252,68,325,132
H:\My Drive\models\images\IMG-25434.jpg,600,600,choke_points,299,100,381,219
H:\My Drive\models\images\IMG-25454.jpg,600,600,choke_points,494,450,569,571
H:\My Drive\models\images\IMG-25461.jpg,600,600,choke_points,459,72,518,121
H:\My Drive\models\images\IMG-25483.jpg,600,600,choke_points,187,140,253,200
H:\My Drive\models\images\IMG-26010.jpg,600,600,choke_points,244,471,289,534
H:\My Drive\models\images\IMG-26028.jpg,600,600,choke_points,68,386,184,493
H:\My Drive\models\images\IMG-26046.jpg,600,600,choke_points,357,164,466,209
H:\My Drive\models\images\IMG-26098.jpg,600,600,choke_points,314,354,355,444
H:\My Drive\models\images\IMG-26136.jpg,600,600,choke_points,294,412,389,479
H:\My Drive\models\images\IMG-26353.jpg,600,600,choke_points,442,407,512,453
H:\My Drive\models\images\IMG-26369.jpg,600,600,choke_points,408,107,481,156
H:\My Drive\models\images\IMG-26405.jpg,600,600,choke_points,252,458,329,488
H:\My Drive\models\images\IMG-26420.jpg,600,600,choke_points,352,187,441,242
H:\My Drive\models\images\IMG-27268.jpg,600,600,choke_points,26,111,157,271
H:\My Drive\models\images\IMG-27278.jpg,600,600,choke_points,324,133,367,194
H:\My Drive\models\images\IMG-27308.jpg,600,600,choke_points,273,302,343,372
H:\My Drive\models\images\IMG-27335.jpg,600,600,choke_points,234,51,288,104
H:\My Drive\models\images\IMG-27335.jpg,600,600,choke_points,387,174,435,218
H:\My Drive\models\images\IMG-27335.jpg,600,600,choke_points,481,201,579,249
H:\My Drive\models\images\IMG-28061.jpg,600,600,choke_points,22,95,81,317
H:\My Drive\models\images\IMG-28062.jpg,600,600,choke_points,36,250,120,427
H:\My Drive\models\images\IMG-28137.jpg,600,600,choke_points,78,288,144,411
H:\My Drive\models\images\IMG-28164.jpg,600,600,choke_points,460,76,484,151
H:\My Drive\models\images\IMG-28191.jpg,600,600,choke_points,238,195,308,295
H:\My Drive\models\images\IMG-28203.jpg,600,600,choke_points,279,458,311,481
H:\My Drive\models\images\IMG-28204.jpg,600,600,choke_points,396,79,453,126
H:\My Drive\models\images\IMG-28205.jpg,600,600,choke_points,70,48,178,84
H:\My Drive\models\images\IMG-28243.jpg,600,600,choke_points,392,218,430,264
H:\My Drive\models\images\IMG-28295.jpg,600,600,choke_points,201,235,257,278
H:\My Drive\models\images\IMG-28374.jpg,600,600,choke_points,398,197,442,243
H:\My Drive\models\images\IMG-28400.jpg,600,600,choke_points,127,237,177,276
H:\My Drive\models\images\IMG-28401.jpg,600,600,choke_points,147,204,187,233
H:\My Drive\models\images\IMG-28406.jpg,600,600,choke_points,116,420,202,474
H:\My Drive\models\images\IMG-28467.jpg,600,600,choke_points,52,39,120,100
H:\My Drive\models\images\IMG-28468.jpg,600,600,choke_points,310,190,394,230
H:\My Drive\models\images\IMG-28469.jpg,600,600,choke_points,289,431,347,474
H:\My Drive\models\images\IMG-28473.jpg,600,600,choke_points,109,211,272,337
H:\My Drive\models\images\IMG-28502.jpg,600,600,choke_points,297,161,385,239
H:\My Drive\models\images\IMG-28586.jpg,600,600,choke_points,474,179,529,233
H:\My Drive\models\images\IMG-28612.jpg,600,600,choke_points,557,73,595,115
H:\My Drive\models\images\IMG-28743.jpg,600,600,choke_points,12,366,44,416
H:\My Drive\models\images\IMG-29120.jpg,600,600,choke_points,156,89,287,173
H:\My Drive\models\images\IMG-29154.jpg,600,600,choke_points,275,146,317,177
H:\My Drive\models\images\IMG-29210.jpg,600,600,choke_points,162,233,357,363
H:\My Drive\models\images\IMG-29272.jpg,600,600,choke_points,33,444,89,512
H:\My Drive\models\images\IMG-29308.jpg,600,600,choke_points,347,481,404,536
H:\My Drive\models\images\IMG-29330.jpg,600,600,choke_points,262,168,316,211
H:\My Drive\models\images\IMG-29331.jpg,600,600,choke_points,65,53,132,119
H:\My Drive\models\images\IMG-29348.jpg,600,600,choke_points,334,161,403,224
H:\My Drive\models\images\IMG-29358.jpg,600,600,choke_points,262,279,322,313
H:\My Drive\models\images\IMG-29378.jpg,600,600,choke_points,313,209,367,255
H:\My Drive\models\images\IMG-29393.jpg,600,600,choke_points,389,191,448,247
H:\My Drive\models\images\IMG-29422.jpg,600,600,choke_points,158,470,200,534
H:\My Drive\models\images\IMG-30271.jpg,600,600,choke_points,394,17,485,315
H:\My Drive\models\images\IMG-30342.jpg,600,600,choke_points,198,216,310,394
H:\My Drive\models\images\IMG-30575.jpg,600,600,choke_points,180,195,232,241
H:\My Drive\models\images\IMG-31004.jpg,600,600,choke_points,275,338,404,434
H:\My Drive\models\images\IMG-31004.jpg,600,600,choke_points,174,480,247,521
H:\My Drive\models\images\IMG-31005.jpg,600,600,choke_points,209,342,259,375
H:\My Drive\models\images\IMG-31006.jpg,600,600,choke_points,344,431,434,471
H:\My Drive\models\images\IMG-31035.jpg,600,600,choke_points,187,35,267,78
H:\My Drive\models\images\IMG-31058.jpg,600,600,choke_points,463,209,522,292
H:\My Drive\models\images\IMG-31058.jpg,600,600,choke_points,482,316,543,384
H:\My Drive\models\images\IMG-31059.jpg,600,600,choke_points,421,65,484,106
H:\My Drive\models\images\IMG-31090.jpg,600,600,choke_points,357,279,422,358
H:\My Drive\models\images\IMG-31133.jpg,600,600,choke_points,319,81,354,124
H:\My Drive\models\images\IMG-31310.jpg,600,600,choke_points,249,9,285,45
H:\My Drive\models\images\IMG-31310.jpg,600,600,choke_points,406,105,429,136
H:\My Drive\models\images\IMG-31311.jpg,600,600,choke_points,361,260,414,292
H:\My Drive\models\images\IMG-31311.jpg,600,600,choke_points,268,268,327,308
H:\My Drive\models\images\IMG-31342.jpg,600,600,choke_points,399,398,487,422
H:\My Drive\models\images\IMG-31401.jpg,600,600,choke_points,339,224,383,266
H:\My Drive\models\images\IMG-31427.jpg,600,600,choke_points,154,176,203,208
H:\My Drive\models\images\IMG-31450.jpg,600,600,choke_points,459,368,498,440
H:\My Drive\models\images\IMG-31629.jpg,600,600,choke_points,276,472,326,540
H:\My Drive\models\images\IMG-32003.jpg,600,600,choke_points,291,154,411,187
H:\My Drive\models\images\IMG-32016.jpg,600,600,choke_points,167,188,217,236
H:\My Drive\models\images\IMG-32016.jpg,600,600,choke_points,379,213,433,261
H:\My Drive\models\images\IMG-32017.jpg,600,600,choke_points,56,292,144,401
H:\My Drive\models\images\IMG-32018.jpg,600,600,choke_points,422,327,454,374
H:\My Drive\models\images\IMG-32018.jpg,600,600,choke_points,358,338,405,390
H:\My Drive\models\images\IMG-32019.jpg,600,600,choke_points,142,236,235,304
H:\My Drive\models\images\IMG-32218.jpg,600,600,choke_points,64,301,129,375
H:\My Drive\models\images\IMG-32306.jpg,600,600,choke_points,351,175,420,218
H:\My Drive\models\images\IMG-32307.jpg,600,600,choke_points,411,166,449,206
H:\My Drive\models\images\IMG-32309.jpg,600,600,choke_points,454,363,516,400
H:\My Drive\models\images\IMG-32338.jpg,600,600,choke_points,399,270,497,385
H:\My Drive\models\images\IMG-32355.jpg,600,600,choke_points,35,421,97,551
H:\My Drive\models\images\IMG-32357.jpg,600,600,choke_points,319,286,392,331
H:\My Drive\models\images\IMG-32388.jpg,600,600,choke_points,309,162,387,217
H:\My Drive\models\images\IMG-33186.jpg,600,600,choke_points,92,231,120,316
H:\My Drive\models\images\IMG-33186.jpg,600,600,choke_points,10,154,31,190
H:\My Drive\models\images\IMG-33218.jpg,600,600,choke_points,354,100,392,203
H:\My Drive\models\images\IMG-33307.jpg,600,600,choke_points,281,285,375,345
H:\My Drive\models\images\IMG-33456.jpg,600,600,choke_points,315,389,358,436
H:\My Drive\models\images\IMG-33472.jpg,600,600,choke_points,105,263,165,349
H:\My Drive\models\images\IMG-33533.jpg,600,600,choke_points,339,412,375,471
H:\My Drive\models\images\IMG-33560.jpg,600,600,choke_points,74,137,172,215
H:\My Drive\models\images\IMG-33608.jpg,600,600,choke_points,401,290,483,361
H:\My Drive\models\images\IMG-34202.jpg,600,600,choke_points,399,119,437,196
H:\My Drive\models\images\IMG-34343.jpg,600,600,choke_points,285,360,350,423
